/*
SQLyog Ultimate v9.02 
MySQL - 5.6.26 : Database - assetsonline
*********************************************************************
*/

/*!40101 SET NAMES utf8 */;

/*!40101 SET SQL_MODE=''*/;

/*!40014 SET @OLD_UNIQUE_CHECKS=@@UNIQUE_CHECKS, UNIQUE_CHECKS=0 */;
/*!40014 SET @OLD_FOREIGN_KEY_CHECKS=@@FOREIGN_KEY_CHECKS, FOREIGN_KEY_CHECKS=0 */;
/*!40101 SET @OLD_SQL_MODE=@@SQL_MODE, SQL_MODE='NO_AUTO_VALUE_ON_ZERO' */;
/*!40111 SET @OLD_SQL_NOTES=@@SQL_NOTES, SQL_NOTES=0 */;
CREATE DATABASE /*!32312 IF NOT EXISTS*/`assetsonline` /*!40100 DEFAULT CHARACTER SET latin1 */;

USE `assetsonline`;

/*Table structure for table `appoitments` */

DROP TABLE IF EXISTS `appoitments`;

CREATE TABLE `appoitments` (
  `idapp` int(11) NOT NULL AUTO_INCREMENT,
  `user_id` int(5) NOT NULL,
  `assets_id` int(5) NOT NULL,
  `date` datetime NOT NULL,
  `created_at` timestamp NOT NULL DEFAULT '0000-00-00 00:00:00',
  `updated_at` timestamp NOT NULL DEFAULT '0000-00-00 00:00:00',
  `comment` varchar(150) DEFAULT NULL,
  PRIMARY KEY (`idapp`)
) ENGINE=InnoDB AUTO_INCREMENT=48 DEFAULT CHARSET=latin1;

/*Data for the table `appoitments` */

insert  into `appoitments`(`idapp`,`user_id`,`assets_id`,`date`,`created_at`,`updated_at`,`comment`) values (39,5,2516,'2015-11-20 10:25:00','2015-10-25 22:45:42','2015-10-25 22:45:42','Mi primera cita '),(40,3,818,'2015-10-14 20:25:00','2015-10-26 16:53:38','2015-10-26 16:53:38','This is my test'),(44,3,1837,'2015-12-01 13:00:00','2015-10-31 14:20:32','2015-10-31 14:20:32','next to the airport'),(45,3,1457,'2015-12-26 04:06:00','2015-11-02 13:03:19','2015-11-02 13:03:19','next to shops'),(46,7,1,'2015-12-04 20:45:00','2015-11-15 19:59:47','2015-11-15 19:59:47','La casa que esta junto al aeropuerto'),(47,8,3,'2016-02-06 20:45:00','2015-11-16 13:41:29','2015-11-16 13:41:29','next airport');

/*Table structure for table `assets` */

DROP TABLE IF EXISTS `assets`;

CREATE TABLE `assets` (
  `id` double DEFAULT NULL,
  `date` datetime DEFAULT NULL,
  `asset_type` double DEFAULT NULL,
  `location_id` double DEFAULT NULL,
  `size` double DEFAULT NULL,
  `price_sold` double DEFAULT NULL,
  `price_moth` double NOT NULL,
  `description` varchar(800) DEFAULT NULL,
  `address` varchar(200) DEFAULT NULL,
  `lat` varchar(50) NOT NULL,
  `long` varchar(50) NOT NULL,
  `nbed` int(2) NOT NULL
) ENGINE=InnoDB DEFAULT CHARSET=latin1;

/*Data for the table `assets` */

insert  into `assets`(`id`,`date`,`asset_type`,`location_id`,`size`,`price_sold`,`price_moth`,`description`,`address`,`lat`,`long`,`nbed`) values (1,'2025-11-15 00:00:00',1,1,500,1000000,3000,'','','-0.2242848','51.4934037',0),(2,'2025-11-15 00:00:00',1,1,500,1010000,3100,'','','-0.209580','51.492332',0),(3,'2025-11-15 00:00:00',1,1,500,1020000,3200,'','','','',0),(4,'2025-11-15 00:00:00',1,1,500,1030000,3300,'','','','',0),(5,'2025-11-15 00:00:00',1,1,500,1040000,3400,'','','','',0),(6,'2025-11-15 00:00:00',1,1,500,1050000,3500,'','','','',0),(7,'2025-11-15 00:00:00',1,1,500,1060000,3600,'','','','',0),(8,'2025-11-15 00:00:00',1,1,500,1070000,3700,'','','','',0),(9,'2025-11-15 00:00:00',1,1,500,1080000,3800,'','','','',0),(10,'2025-11-15 00:00:00',1,1,500,1090000,3900,'','','','',0),(11,'2025-11-15 00:00:00',1,2,500,1100000,4000,'','','','',0),(12,'2025-11-15 00:00:00',1,2,500,1110000,4100,'','','','',0),(13,'2025-11-15 00:00:00',1,2,500,1120000,4200,'','','','',0),(14,'2025-11-15 00:00:00',1,2,500,1130000,4300,'','','','',0),(15,'2025-11-15 00:00:00',1,2,500,1140000,4400,'','','','',0),(16,'2025-11-15 00:00:00',1,2,500,1150000,4500,'','','','',0),(17,'2025-11-15 00:00:00',1,2,500,1160000,4600,'','','','',0),(18,'2025-11-15 00:00:00',1,2,500,1170000,4700,'','','','',0),(19,'2025-11-15 00:00:00',1,2,500,1180000,4800,'','','','',0),(20,'2025-11-15 00:00:00',1,2,500,1190000,4900,'','','','',0),(21,'2025-11-15 00:00:00',1,3,500,1200000,5000,'','','','',0),(22,'2025-11-15 00:00:00',1,3,500,1210000,5100,'','','','',0),(23,'2025-11-15 00:00:00',1,3,500,1220000,5200,'','','','',0),(24,'2025-11-15 00:00:00',1,3,500,1230000,5300,'','','','',0),(25,'2025-11-15 00:00:00',1,3,500,1240000,5400,'','','','',0),(26,'2025-11-15 00:00:00',1,3,500,1250000,5500,'','','','',0),(27,'2025-11-15 00:00:00',1,3,500,1260000,5600,'','','','',0),(28,'2025-11-15 00:00:00',1,3,500,1270000,5700,'','','','',0),(29,'2025-11-15 00:00:00',1,3,500,1280000,5800,'','','','',0),(30,'2025-11-15 00:00:00',1,3,500,1290000,5900,'','','','',0),(31,'2025-11-15 00:00:00',1,4,500,1300000,6000,'','','','',0),(32,'2025-11-15 00:00:00',1,4,500,1310000,6100,'','','','',0),(33,'2025-11-15 00:00:00',1,4,500,1320000,6200,'','','','',0),(34,'2025-11-15 00:00:00',1,4,500,1330000,6300,'','','','',0),(35,'2025-11-15 00:00:00',1,4,500,1340000,6400,'','','','',0),(36,'2025-11-15 00:00:00',1,4,500,1350000,6500,'','','','',0),(37,'2025-11-15 00:00:00',1,4,500,1360000,6600,'','','','',0),(38,'2025-11-15 00:00:00',1,4,500,1370000,6700,'','','','',0),(39,'2025-11-15 00:00:00',1,4,500,1380000,6800,'','','','',0),(40,'2025-11-15 00:00:00',1,4,500,1390000,6900,'','','','',0),(41,'2025-11-15 00:00:00',2,1,80,350000,1200,'','','','',1),(42,'2025-11-15 00:00:00',2,1,80,365000,1250,'','','','',1),(43,'2025-11-15 00:00:00',2,1,80,380000,1300,'','','','',2),(44,'2025-11-15 00:00:00',2,1,80,395000,1350,'','','','',2),(45,'2025-11-15 00:00:00',2,1,80,410000,1400,'','','','',1),(46,'2025-11-15 00:00:00',2,1,80,425000,1450,'','','','',1),(47,'2025-11-15 00:00:00',2,1,80,440000,1500,'','','','',2),(48,'2025-11-15 00:00:00',2,1,80,455000,1550,'','','','',2),(49,'2025-11-15 00:00:00',2,1,80,470000,1600,'','','','',1),(50,'2025-11-15 00:00:00',2,1,80,485000,1650,'','','','',2),(51,'2025-11-15 00:00:00',2,2,80,500000,1700,'','','','',1),(52,'2025-11-15 00:00:00',2,2,80,515000,1750,'','','','',2),(53,'2025-11-15 00:00:00',2,2,80,530000,1800,'','','','',1),(54,'2025-11-15 00:00:00',2,2,80,545000,1850,'','','','',2),(55,'2025-11-15 00:00:00',2,2,80,560000,1900,'','','','',1),(56,'2025-11-15 00:00:00',2,2,80,575000,1950,'','','','',2),(57,'2025-11-15 00:00:00',2,2,80,590000,2000,'','','','',1),(58,'2025-11-15 00:00:00',2,2,80,605000,2050,'','','','',2),(59,'2025-11-15 00:00:00',2,2,80,620000,2100,'','','','',1),(60,'2025-11-15 00:00:00',2,2,80,635000,2150,'','','','',2),(61,'2025-11-15 00:00:00',2,3,80,650000,2200,'','','','',3),(62,'2025-11-15 00:00:00',2,3,80,665000,2250,'','','','',2),(63,'2025-11-15 00:00:00',2,3,80,680000,2300,'','','','',3),(64,'2025-11-15 00:00:00',2,3,80,695000,2350,'','','','',2),(65,'2025-11-15 00:00:00',2,3,80,710000,2400,'','','','',1),(66,'2025-11-15 00:00:00',2,3,80,725000,2450,'','','','',3),(67,'2025-11-15 00:00:00',2,3,80,740000,2500,'','','','',2),(68,'2025-11-15 00:00:00',2,3,80,755000,2550,'','','','',1),(69,'2025-11-15 00:00:00',2,3,80,770000,2600,'','','','',3),(70,'2025-11-15 00:00:00',2,3,80,785000,2650,'','','','',2),(71,'2025-11-15 00:00:00',2,4,80,800000,2700,'','','','',1),(72,'2025-11-15 00:00:00',2,4,80,815000,2750,'','','','',3),(73,'2025-11-15 00:00:00',2,4,80,830000,2800,'','','','',2),(74,'2025-11-15 00:00:00',2,4,80,845000,2850,'','','','',1),(75,'2025-11-15 00:00:00',2,4,80,860000,2900,'','','','',3),(76,'2025-11-15 00:00:00',2,4,80,875000,2950,'','','','',2),(77,'2025-11-15 00:00:00',2,4,80,890000,3000,'','','','',1),(78,'2025-11-15 00:00:00',2,4,80,905000,3050,'','','','',3),(79,'2025-11-15 00:00:00',2,4,80,920000,3100,'','','','',2),(80,'2025-11-15 00:00:00',2,4,80,935000,3150,'','','','',1),(81,'2025-11-15 00:00:00',3,1,40,150000,350,'','','','',0),(82,'2025-11-15 00:00:00',3,1,40,155000,355,'','','','',0),(83,'2025-11-15 00:00:00',3,1,40,160000,360,'','','','',0),(84,'2025-11-15 00:00:00',3,1,40,165000,365,'','','','',0),(85,'2025-11-15 00:00:00',3,1,40,170000,370,'','','','',0),(86,'2025-11-15 00:00:00',3,1,40,175000,375,'','','','',0),(87,'2025-11-15 00:00:00',3,1,40,180000,380,'','','','',0),(88,'2025-11-15 00:00:00',3,1,40,185000,385,'','','','',0),(89,'2025-11-15 00:00:00',3,1,40,190000,390,'','','','',0),(90,'2025-11-15 00:00:00',3,1,40,195000,395,'','','','',0),(91,'2025-11-15 00:00:00',3,2,40,200000,400,'','','','',0),(92,'2025-11-15 00:00:00',3,2,40,205000,405,'','','','',0),(93,'2025-11-15 00:00:00',3,2,40,210000,410,'','','','',0),(94,'2025-11-15 00:00:00',3,2,40,215000,415,'','','','',0),(95,'2025-11-15 00:00:00',3,2,40,220000,420,'','','','',0),(96,'2025-11-15 00:00:00',3,2,40,225000,425,'','','','',0),(97,'2025-11-15 00:00:00',3,2,40,230000,430,'','','','',0),(98,'2025-11-15 00:00:00',3,2,40,235000,435,'','','','',0),(99,'2025-11-15 00:00:00',3,2,40,240000,440,'','','','',0),(100,'2025-11-15 00:00:00',3,2,40,245000,445,'','','','',0),(101,'2025-11-15 00:00:00',3,3,40,250000,450,'','','','',0),(102,'2025-11-15 00:00:00',3,3,40,255000,455,'','','','',0),(103,'2025-11-15 00:00:00',3,3,40,260000,460,'','','','',0),(104,'2025-11-15 00:00:00',3,3,40,265000,465,'','','','',0),(105,'2025-11-15 00:00:00',3,3,40,270000,470,'','','','',0),(106,'2025-11-15 00:00:00',3,3,40,275000,475,'','','','',0),(107,'2025-11-15 00:00:00',3,3,40,280000,480,'','','','',0),(108,'2025-11-15 00:00:00',3,3,40,285000,485,'','','','',0),(109,'2025-11-15 00:00:00',3,3,40,290000,490,'','','','',0),(110,'2025-11-15 00:00:00',3,3,40,295000,495,'','','','',0),(111,'2025-11-15 00:00:00',3,4,40,300000,500,'','','','',0),(112,'2025-11-15 00:00:00',3,4,40,305000,505,'','','','',0),(113,'2025-11-15 00:00:00',3,4,40,310000,510,'','','','',0),(114,'2025-11-15 00:00:00',3,4,40,315000,515,'','','','',0),(115,'2025-11-15 00:00:00',3,4,40,320000,520,'','','','',0),(116,'2025-11-15 00:00:00',3,4,40,325000,525,'','','','',0),(117,'2025-11-15 00:00:00',3,4,40,330000,530,'','','','',0),(118,'2025-11-15 00:00:00',3,4,40,335000,535,'','','','',0),(119,'2025-11-15 00:00:00',3,4,40,340000,540,'','','','',0),(120,'2025-11-15 00:00:00',3,4,40,345000,545,'','','','',0),(121,'2025-11-15 00:00:00',4,1,200,275000,650,'','','','',2),(122,'2025-11-15 00:00:00',4,1,200,276000,651,'','','','',3),(123,'2025-11-15 00:00:00',4,1,200,277000,652,'','','','',4),(124,'2025-11-15 00:00:00',4,1,200,278000,653,'','','','',2),(125,'2025-11-15 00:00:00',4,1,200,279000,654,'','','','',3),(126,'2025-11-15 00:00:00',4,1,200,280000,655,'','','','',4),(127,'2025-11-15 00:00:00',4,1,200,281000,656,'','','','',2),(128,'2025-11-15 00:00:00',4,1,200,282000,657,'','','','',3),(129,'2025-11-15 00:00:00',4,1,200,283000,658,'','','','',4),(130,'2025-11-15 00:00:00',4,1,200,284000,659,'','','','',2),(131,'2025-11-15 00:00:00',4,2,200,285000,660,'','','','',3),(132,'2025-11-15 00:00:00',4,2,200,286000,661,'','','','',4),(133,'2025-11-15 00:00:00',4,2,200,287000,662,'','','','',2),(134,'2025-11-15 00:00:00',4,2,200,288000,663,'','','','',3),(135,'2025-11-15 00:00:00',4,2,200,289000,664,'','','','',4),(136,'2025-11-15 00:00:00',4,2,200,290000,665,'','','','',2),(137,'2025-11-15 00:00:00',4,2,200,291000,666,'','','','',3),(138,'2025-11-15 00:00:00',4,2,200,292000,667,'','','','',4),(139,'2025-11-15 00:00:00',4,2,200,293000,668,'','','','',2),(140,'2025-11-15 00:00:00',4,2,200,294000,669,'','','','',3),(141,'2025-11-15 00:00:00',4,3,200,295000,670,'','','','',4),(142,'2025-11-15 00:00:00',4,3,200,296000,671,'','','','',2),(143,'2025-11-15 00:00:00',4,3,200,297000,672,'','','','',3),(144,'2025-11-15 00:00:00',4,3,200,298000,673,'','','','',4),(145,'2025-11-15 00:00:00',4,3,200,299000,674,'','','','',2),(146,'2025-11-15 00:00:00',4,3,200,300000,675,'','','','',3),(147,'2025-11-15 00:00:00',4,3,200,301000,676,'','','','',4),(148,'2025-11-15 00:00:00',4,3,200,302000,677,'','','','',2),(149,'2025-11-15 00:00:00',4,3,200,303000,678,'','','','',3),(150,'2025-11-15 00:00:00',4,3,200,304000,679,'','','','',4),(151,'2025-11-15 00:00:00',4,4,200,305000,680,'','','','',2),(152,'2025-11-15 00:00:00',4,4,200,306000,681,'','','','',3),(153,'2025-11-15 00:00:00',4,4,200,307000,682,'','','','',4),(154,'2025-11-15 00:00:00',4,4,200,308000,683,'','','','',2),(155,'2025-11-15 00:00:00',4,4,200,309000,684,'','','','',3),(156,'2025-11-15 00:00:00',4,4,200,310000,685,'','','','',4),(157,'2025-11-15 00:00:00',4,4,200,311000,686,'','','','',2),(158,'2025-11-15 00:00:00',4,4,200,312000,687,'','','','',3),(159,'2025-11-15 00:00:00',4,4,200,313000,688,'','','','',4),(160,'2025-11-15 00:00:00',4,4,200,314000,689,'','','','',2),(161,'2025-11-15 00:00:00',5,1,300,180000,325,'','','','',0),(162,'2025-11-15 00:00:00',5,1,300,180005,326,'','','','',0),(163,'2025-11-15 00:00:00',5,1,300,180010,327,'','','','',0),(164,'2025-11-15 00:00:00',5,1,300,180015,328,'','','','',0),(165,'2025-11-15 00:00:00',5,1,300,180020,329,'','','','',0),(166,'2025-11-15 00:00:00',5,1,300,180025,330,'','','','',0),(167,'2025-11-15 00:00:00',5,1,300,180030,331,'','','','',0),(168,'2025-11-15 00:00:00',5,1,300,180035,332,'','','','',0),(169,'2025-11-15 00:00:00',5,1,300,180040,333,'','','','',0),(170,'2025-11-15 00:00:00',5,1,300,180045,334,'','','','',0),(171,'2025-11-15 00:00:00',5,2,300,180050,335,'','','','',0),(172,'2025-11-15 00:00:00',5,2,300,180055,336,'','','','',0),(173,'2025-11-15 00:00:00',5,2,300,180060,337,'','','','',0),(174,'2025-11-15 00:00:00',5,2,300,180065,338,'','','','',0),(175,'2025-11-15 00:00:00',5,2,300,180070,339,'','','','',0),(176,'2025-11-15 00:00:00',5,2,300,180075,340,'','','','',0),(177,'2025-11-15 00:00:00',5,2,300,180080,341,'','','','',0),(178,'2025-11-15 00:00:00',5,2,300,180085,342,'','','','',0),(179,'2025-11-15 00:00:00',5,2,300,180090,343,'','','','',0),(180,'2025-11-15 00:00:00',5,2,300,180095,344,'','','','',0),(181,'2025-11-15 00:00:00',5,3,300,180100,345,'','','','',0),(182,'2025-11-15 00:00:00',5,3,300,180105,346,'','','','',0),(183,'2025-11-15 00:00:00',5,3,300,180110,347,'','','','',0),(184,'2025-11-15 00:00:00',5,3,300,180115,348,'','','','',0),(185,'2025-11-15 00:00:00',5,3,300,180120,349,'','','','',0),(186,'2025-11-15 00:00:00',5,3,300,180125,350,'','','','',0),(187,'2025-11-15 00:00:00',5,3,300,180130,351,'','','','',0),(188,'2025-11-15 00:00:00',5,3,300,180135,352,'','','','',0),(189,'2025-11-15 00:00:00',5,3,300,180140,353,'','','','',0),(190,'2025-11-15 00:00:00',5,3,300,180145,354,'','','','',0),(191,'2025-11-15 00:00:00',5,4,300,180150,355,'','','','',0),(192,'2025-11-15 00:00:00',5,4,300,180155,356,'','','','',0),(193,'2025-11-15 00:00:00',5,4,300,180160,357,'','','','',0),(194,'2025-11-15 00:00:00',5,4,300,180165,358,'','','','',0),(195,'2025-11-15 00:00:00',5,4,300,180170,359,'','','','',0),(196,'2025-11-15 00:00:00',5,4,300,180175,360,'','','','',0),(197,'2025-11-15 00:00:00',5,4,300,180180,361,'','','','',0),(198,'2025-11-15 00:00:00',5,4,300,180185,362,'','','','',0),(199,'2025-11-15 00:00:00',5,4,300,180190,363,'','','','',0),(200,'2025-11-15 00:00:00',5,4,300,180195,364,'','','','',0),(201,'2025-11-15 00:00:00',6,1,700,1000000,1200,'','','','',0),(202,'2025-11-15 00:00:00',6,1,700,1001000,1250,'','','','',0),(203,'2025-11-15 00:00:00',6,1,700,1002000,1300,'','','','',0),(204,'2025-11-15 00:00:00',6,1,700,1003000,1350,'','','','',0),(205,'2025-11-15 00:00:00',6,1,700,1004000,1400,'','','','',0),(206,'2025-11-15 00:00:00',6,1,700,1005000,1450,'','','','',0),(207,'2025-11-15 00:00:00',6,1,700,1006000,1500,'','','','',0),(208,'2025-11-15 00:00:00',6,1,700,1007000,1550,'','','','',0),(209,'2025-11-15 00:00:00',6,1,700,1008000,1600,'','','','',0),(210,'2025-11-15 00:00:00',6,1,700,1009000,1650,'','','','',0),(211,'2025-11-15 00:00:00',6,2,700,1010000,1700,'','','','',0),(212,'2025-11-15 00:00:00',6,2,700,1011000,1750,'','','','',0),(213,'2025-11-15 00:00:00',6,2,700,1012000,1800,'','','','',0),(214,'2025-11-15 00:00:00',6,2,700,1013000,1850,'','','','',0),(215,'2025-11-15 00:00:00',6,2,700,1014000,1900,'','','','',0),(216,'2025-11-15 00:00:00',6,2,700,1015000,1950,'','','','',0),(217,'2025-11-15 00:00:00',6,2,700,1016000,2000,'','','','',0),(218,'2025-11-15 00:00:00',6,2,700,1017000,2050,'','','','',0),(219,'2025-11-15 00:00:00',6,2,700,1018000,2100,'','','','',0),(220,'2025-11-15 00:00:00',6,2,700,1019000,2150,'','','','',0),(221,'2025-11-15 00:00:00',6,3,700,1020000,2200,'','','','',0),(222,'2025-11-15 00:00:00',6,3,700,1021000,2250,'','','','',0),(223,'2025-11-15 00:00:00',6,3,700,1022000,2300,'','','','',0),(224,'2025-11-15 00:00:00',6,3,700,1023000,2350,'','','','',0),(225,'2025-11-15 00:00:00',6,3,700,1024000,2400,'','','','',0),(226,'2025-11-15 00:00:00',6,3,700,1025000,2450,'','','','',0),(227,'2025-11-15 00:00:00',6,3,700,1026000,2500,'','','','',0),(228,'2025-11-15 00:00:00',6,3,700,1027000,2550,'','','','',0),(229,'2025-11-15 00:00:00',6,3,700,1028000,2600,'','','','',0),(230,'2025-11-15 00:00:00',6,3,700,1029000,2650,'','','','',0),(231,'2025-11-15 00:00:00',6,4,700,1030000,2700,'','','','',0),(232,'2025-11-15 00:00:00',6,4,700,1031000,2750,'','','','',0),(233,'2025-11-15 00:00:00',6,4,700,1032000,2800,'','','','',0),(234,'2025-11-15 00:00:00',6,4,700,1033000,2850,'','','','',0),(235,'2025-11-15 00:00:00',6,4,700,1034000,2900,'','','','',0),(236,'2025-11-15 00:00:00',6,4,700,1035000,2950,'','','','',0),(237,'2025-11-15 00:00:00',6,4,700,1036000,3000,'','','','',0),(238,'2025-11-15 00:00:00',6,4,700,1037000,3050,'','','','',0),(239,'2025-11-15 00:00:00',6,4,700,1038000,3100,'','','','',0),(240,'2025-11-15 00:00:00',6,4,700,1039000,3150,'','','','',0),(241,'2025-11-15 00:00:00',7,1,150,275000,650,'','','','',1),(242,'2025-11-15 00:00:00',7,1,150,285000,670,'','','','',2),(243,'2025-11-15 00:00:00',7,1,150,295000,690,'','','','',3),(244,'2025-11-15 00:00:00',7,1,150,305000,710,'','','','',1),(245,'2025-11-15 00:00:00',7,1,150,315000,730,'','','','',2),(246,'2025-11-15 00:00:00',7,1,150,325000,750,'','','','',3),(247,'2025-11-15 00:00:00',7,1,150,335000,770,'','','','',1),(248,'2025-11-15 00:00:00',7,1,150,345000,790,'','','','',2),(249,'2025-11-15 00:00:00',7,1,150,355000,810,'','','','',3),(250,'2025-11-15 00:00:00',7,1,150,365000,830,'','','','',1),(251,'2025-11-15 00:00:00',7,2,150,375000,850,'','','','',2),(252,'2025-11-15 00:00:00',7,2,150,385000,870,'','','','',3),(253,'2025-11-15 00:00:00',7,2,150,395000,890,'','','','',1),(254,'2025-11-15 00:00:00',7,2,150,405000,910,'','','','',2),(255,'2025-11-15 00:00:00',7,2,150,415000,930,'','','','',3),(256,'2025-11-15 00:00:00',7,2,150,425000,950,'','','','',1),(257,'2025-11-15 00:00:00',7,2,150,435000,970,'','','','',2),(258,'2025-11-15 00:00:00',7,2,150,445000,990,'','','','',3),(259,'2025-11-15 00:00:00',7,2,150,455000,1010,'','','','',1),(260,'2025-11-15 00:00:00',7,2,150,465000,1030,'','','','',2),(261,'2025-11-15 00:00:00',7,3,150,475000,1050,'','','','',3),(262,'2025-11-15 00:00:00',7,3,150,485000,1070,'','','','',1),(263,'2025-11-15 00:00:00',7,3,150,495000,1090,'','','','',2),(264,'2025-11-15 00:00:00',7,3,150,505000,1110,'','','','',3),(265,'2025-11-15 00:00:00',7,3,150,515000,1130,'','','','',1),(266,'2025-11-15 00:00:00',7,3,150,525000,1150,'','','','',2),(267,'2025-11-15 00:00:00',7,3,150,535000,1170,'','','','',3),(268,'2025-11-15 00:00:00',7,3,150,545000,1190,'','','','',1),(269,'2025-11-15 00:00:00',7,3,150,555000,1210,'','','','',2),(270,'2025-11-15 00:00:00',7,3,150,565000,1230,'','','','',3),(271,'2025-11-15 00:00:00',7,4,150,575000,1250,'','','','',1),(272,'2025-11-15 00:00:00',7,4,150,585000,1270,'','','','',2),(273,'2025-11-15 00:00:00',7,4,150,595000,1290,'','','','',3),(274,'2025-11-15 00:00:00',7,4,150,605000,1310,'','','','',1),(275,'2025-11-15 00:00:00',7,4,150,615000,1330,'','','','',2),(276,'2025-11-15 00:00:00',7,4,150,625000,1350,'','','','',3),(277,'2025-11-15 00:00:00',7,4,150,635000,1370,'','','','',1),(278,'2025-11-15 00:00:00',7,4,150,645000,1390,'','','','',2),(279,'2025-11-15 00:00:00',7,4,150,655000,1410,'','','','',3),(280,'2025-11-15 00:00:00',7,4,150,665000,1430,'','','','',1);

/*Table structure for table `assets_type` */

DROP TABLE IF EXISTS `assets_type`;

CREATE TABLE `assets_type` (
  `id` double DEFAULT NULL,
  `type` varchar(255) DEFAULT NULL
) ENGINE=InnoDB DEFAULT CHARSET=latin1;

/*Data for the table `assets_type` */

insert  into `assets_type`(`id`,`type`) values (1,'Land'),(2,'Flat'),(3,'Parking'),(4,'Office'),(5,'Local'),(6,'Industrial'),(7,'House');

/*Table structure for table `images` */

DROP TABLE IF EXISTS `images`;

CREATE TABLE `images` (
  `id` double DEFAULT NULL,
  `asset_type` double DEFAULT NULL,
  `description` varchar(800) DEFAULT NULL
) ENGINE=InnoDB DEFAULT CHARSET=latin1;

/*Data for the table `images` */

insert  into `images`(`id`,`asset_type`,`description`) values (1,1,'land_example.jpg'),(2,1,'land_example.jpg'),(3,1,'land_example.jpg'),(4,1,'land_example.jpg'),(5,1,'land_example.jpg'),(6,1,'land_example.jpg'),(7,1,'land_example.jpg'),(8,1,'land_example.jpg'),(9,1,'land_example.jpg'),(10,1,'land_example.jpg'),(11,1,'land_example.jpg'),(12,1,'land_example.jpg'),(13,1,'land_example.jpg'),(14,1,'land_example.jpg'),(15,1,'land_example.jpg'),(16,1,'land_example.jpg'),(17,1,'land_example.jpg'),(18,1,'land_example.jpg'),(19,1,'land_example.jpg'),(20,1,'land_example.jpg'),(21,1,'land_example.jpg'),(22,1,'land_example.jpg'),(23,1,'land_example.jpg'),(24,1,'land_example.jpg'),(25,1,'land_example.jpg'),(26,1,'land_example.jpg'),(27,1,'land_example.jpg'),(28,1,'land_example.jpg'),(29,1,'land_example.jpg'),(30,1,'land_example.jpg'),(31,1,'land_example.jpg'),(32,1,'land_example.jpg'),(33,1,'land_example.jpg'),(34,1,'land_example.jpg'),(35,1,'land_example.jpg'),(36,1,'land_example.jpg'),(37,1,'land_example.jpg'),(38,1,'land_example.jpg'),(39,1,'land_example.jpg'),(40,1,'land_example.jpg'),(41,2,'flat_example.jpg'),(42,2,'flat_example.jpg'),(43,2,'flat_example.jpg'),(44,2,'flat_example.jpg'),(45,2,'flat_example.jpg'),(46,2,'flat_example.jpg'),(47,2,'flat_example.jpg'),(48,2,'flat_example.jpg'),(49,2,'flat_example.jpg'),(50,2,'flat_example.jpg'),(51,2,'flat_example.jpg'),(52,2,'flat_example.jpg'),(53,2,'flat_example.jpg'),(54,2,'flat_example.jpg'),(55,2,'flat_example.jpg'),(56,2,'flat_example.jpg'),(57,2,'flat_example.jpg'),(58,2,'flat_example.jpg'),(59,2,'flat_example.jpg'),(60,2,'flat_example.jpg'),(61,2,'flat_example.jpg'),(62,2,'flat_example.jpg'),(63,2,'flat_example.jpg'),(64,2,'flat_example.jpg'),(65,2,'flat_example.jpg'),(66,2,'flat_example.jpg'),(67,2,'flat_example.jpg'),(68,2,'flat_example.jpg'),(69,2,'flat_example.jpg'),(70,2,'flat_example.jpg'),(71,2,'flat_example.jpg'),(72,2,'flat_example.jpg'),(73,2,'flat_example.jpg'),(74,2,'flat_example.jpg'),(75,2,'flat_example.jpg'),(76,2,'flat_example.jpg'),(77,2,'flat_example.jpg'),(78,2,'flat_example.jpg'),(79,2,'flat_example.jpg'),(80,2,'flat_example.jpg'),(81,3,'parking_example.jpg'),(82,3,'parking_example.jpg'),(83,3,'parking_example.jpg'),(84,3,'parking_example.jpg'),(85,3,'parking_example.jpg'),(86,3,'parking_example.jpg'),(87,3,'parking_example.jpg'),(88,3,'parking_example.jpg'),(89,3,'parking_example.jpg'),(90,3,'parking_example.jpg'),(91,3,'parking_example.jpg'),(92,3,'parking_example.jpg'),(93,3,'parking_example.jpg'),(94,3,'parking_example.jpg'),(95,3,'parking_example.jpg'),(96,3,'parking_example.jpg'),(97,3,'parking_example.jpg'),(98,3,'parking_example.jpg'),(99,3,'parking_example.jpg'),(100,3,'parking_example.jpg'),(101,3,'parking_example.jpg'),(102,3,'parking_example.jpg'),(103,3,'parking_example.jpg'),(104,3,'parking_example.jpg'),(105,3,'parking_example.jpg'),(106,3,'parking_example.jpg'),(107,3,'parking_example.jpg'),(108,3,'parking_example.jpg'),(109,3,'parking_example.jpg'),(110,3,'parking_example.jpg'),(111,3,'parking_example.jpg'),(112,3,'parking_example.jpg'),(113,3,'parking_example.jpg'),(114,3,'parking_example.jpg'),(115,3,'parking_example.jpg'),(116,3,'parking_example.jpg'),(117,3,'parking_example.jpg'),(118,3,'parking_example.jpg'),(119,3,'parking_example.jpg'),(120,3,'parking_example.jpg'),(121,4,'office_example.jpg'),(122,4,'office_example.jpg'),(123,4,'office_example.jpg'),(124,4,'office_example.jpg'),(125,4,'office_example.jpg'),(126,4,'office_example.jpg'),(127,4,'office_example.jpg'),(128,4,'office_example.jpg'),(129,4,'office_example.jpg'),(130,4,'office_example.jpg'),(131,4,'office_example.jpg'),(132,4,'office_example.jpg'),(133,4,'office_example.jpg'),(134,4,'office_example.jpg'),(135,4,'office_example.jpg'),(136,4,'office_example.jpg'),(137,4,'office_example.jpg'),(138,4,'office_example.jpg'),(139,4,'office_example.jpg'),(140,4,'office_example.jpg'),(141,4,'office_example.jpg'),(142,4,'office_example.jpg'),(143,4,'office_example.jpg'),(144,4,'office_example.jpg'),(145,4,'office_example.jpg'),(146,4,'office_example.jpg'),(147,4,'office_example.jpg'),(148,4,'office_example.jpg'),(149,4,'office_example.jpg'),(150,4,'office_example.jpg'),(151,4,'office_example.jpg'),(152,4,'office_example.jpg'),(153,4,'office_example.jpg'),(154,4,'office_example.jpg'),(155,4,'office_example.jpg'),(156,4,'office_example.jpg'),(157,4,'office_example.jpg'),(158,4,'office_example.jpg'),(159,4,'office_example.jpg'),(160,4,'office_example.jpg'),(161,5,'local_example.jpg'),(162,5,'local_example.jpg'),(163,5,'local_example.jpg'),(164,5,'local_example.jpg'),(165,5,'local_example.jpg'),(166,5,'local_example.jpg'),(167,5,'local_example.jpg'),(168,5,'local_example.jpg'),(169,5,'local_example.jpg'),(170,5,'local_example.jpg'),(171,5,'local_example.jpg'),(172,5,'local_example.jpg'),(173,5,'local_example.jpg'),(174,5,'local_example.jpg'),(175,5,'local_example.jpg'),(176,5,'local_example.jpg'),(177,5,'local_example.jpg'),(178,5,'local_example.jpg'),(179,5,'local_example.jpg'),(180,5,'local_example.jpg'),(181,5,'local_example.jpg'),(182,5,'local_example.jpg'),(183,5,'local_example.jpg'),(184,5,'local_example.jpg'),(185,5,'local_example.jpg'),(186,5,'local_example.jpg'),(187,5,'local_example.jpg'),(188,5,'local_example.jpg'),(189,5,'local_example.jpg'),(190,5,'local_example.jpg'),(191,5,'local_example.jpg'),(192,5,'local_example.jpg'),(193,5,'local_example.jpg'),(194,5,'local_example.jpg'),(195,5,'local_example.jpg'),(196,5,'local_example.jpg'),(197,5,'local_example.jpg'),(198,5,'local_example.jpg'),(199,5,'local_example.jpg'),(200,5,'local_example.jpg'),(201,6,'industrial_example.jpg'),(202,6,'industrial_example.jpg'),(203,6,'industrial_example.jpg'),(204,6,'industrial_example.jpg'),(205,6,'industrial_example.jpg'),(206,6,'industrial_example.jpg'),(207,6,'industrial_example.jpg'),(208,6,'industrial_example.jpg'),(209,6,'industrial_example.jpg'),(210,6,'industrial_example.jpg'),(211,6,'industrial_example.jpg'),(212,6,'industrial_example.jpg'),(213,6,'industrial_example.jpg'),(214,6,'industrial_example.jpg'),(215,6,'industrial_example.jpg'),(216,6,'industrial_example.jpg'),(217,6,'industrial_example.jpg'),(218,6,'industrial_example.jpg'),(219,6,'industrial_example.jpg'),(220,6,'industrial_example.jpg'),(221,6,'industrial_example.jpg'),(222,6,'industrial_example.jpg'),(223,6,'industrial_example.jpg'),(224,6,'industrial_example.jpg'),(225,6,'industrial_example.jpg'),(226,6,'industrial_example.jpg'),(227,6,'industrial_example.jpg'),(228,6,'industrial_example.jpg'),(229,6,'industrial_example.jpg'),(230,6,'industrial_example.jpg'),(231,6,'industrial_example.jpg'),(232,6,'industrial_example.jpg'),(233,6,'industrial_example.jpg'),(234,6,'industrial_example.jpg'),(235,6,'industrial_example.jpg'),(236,6,'industrial_example.jpg'),(237,6,'industrial_example.jpg'),(238,6,'industrial_example.jpg'),(239,6,'industrial_example.jpg'),(240,6,'industrial_example.jpg'),(241,7,'house_example.jpg'),(242,7,'house_example.jpg'),(243,7,'house_example.jpg'),(244,7,'house_example.jpg'),(245,7,'house_example.jpg'),(246,7,'house_example.jpg'),(247,7,'house_example.jpg'),(248,7,'house_example.jpg'),(249,7,'house_example.jpg'),(250,7,'house_example.jpg'),(251,7,'house_example.jpg'),(252,7,'house_example.jpg'),(253,7,'house_example.jpg'),(254,7,'house_example.jpg'),(255,7,'house_example.jpg'),(256,7,'house_example.jpg'),(257,7,'house_example.jpg'),(258,7,'house_example.jpg'),(259,7,'house_example.jpg'),(260,7,'house_example.jpg'),(261,7,'house_example.jpg'),(262,7,'house_example.jpg'),(263,7,'house_example.jpg'),(264,7,'house_example.jpg'),(265,7,'house_example.jpg'),(266,7,'house_example.jpg'),(267,7,'house_example.jpg'),(268,7,'house_example.jpg'),(269,7,'house_example.jpg'),(270,7,'house_example.jpg'),(271,7,'house_example.jpg'),(272,7,'house_example.jpg'),(273,7,'house_example.jpg'),(274,7,'house_example.jpg'),(275,7,'house_example.jpg'),(276,7,'house_example.jpg'),(277,7,'house_example.jpg'),(278,7,'house_example.jpg'),(279,7,'house_example.jpg'),(280,7,'house_example.jpg');

/*Table structure for table `location` */

DROP TABLE IF EXISTS `location`;

CREATE TABLE `location` (
  `id` double DEFAULT NULL,
  `location` varchar(255) DEFAULT NULL
) ENGINE=InnoDB DEFAULT CHARSET=latin1;

/*Data for the table `location` */

insert  into `location`(`id`,`location`) values (1,'Area 1'),(2,'Area 2'),(3,'Area 3'),(4,'Area 4');

/*Table structure for table `migrations` */

DROP TABLE IF EXISTS `migrations`;

CREATE TABLE `migrations` (
  `migration` varchar(255) COLLATE utf8_unicode_ci NOT NULL,
  `batch` int(11) NOT NULL
) ENGINE=InnoDB DEFAULT CHARSET=utf8 COLLATE=utf8_unicode_ci;

/*Data for the table `migrations` */

insert  into `migrations`(`migration`,`batch`) values ('2014_10_12_000000_create_users_table',1),('2014_10_12_100000_create_password_resets_table',1),('2015_10_19_161432_create_users_table',2);

/*Table structure for table `password_resets` */

DROP TABLE IF EXISTS `password_resets`;

CREATE TABLE `password_resets` (
  `email` varchar(255) COLLATE utf8_unicode_ci NOT NULL,
  `token` varchar(255) COLLATE utf8_unicode_ci NOT NULL,
  `created_at` timestamp NOT NULL DEFAULT '0000-00-00 00:00:00',
  KEY `password_resets_email_index` (`email`),
  KEY `password_resets_token_index` (`token`)
) ENGINE=InnoDB DEFAULT CHARSET=utf8 COLLATE=utf8_unicode_ci;

/*Data for the table `password_resets` */

/*Table structure for table `sheet1$` */

DROP TABLE IF EXISTS `sheet1$`;

CREATE TABLE `sheet1$` (
  `id` double DEFAULT NULL,
  `date` timestamp NULL DEFAULT NULL,
  `asset_type` double DEFAULT NULL,
  `location_id` double DEFAULT NULL,
  `size` double DEFAULT NULL,
  `price_sold` double DEFAULT NULL,
  `price_moth` double DEFAULT NULL,
  `description` varchar(255) DEFAULT NULL,
  `address` varchar(255) DEFAULT NULL,
  `lat` varchar(255) DEFAULT NULL,
  `long` varchar(255) DEFAULT NULL,
  `nbed` double DEFAULT NULL
) ENGINE=InnoDB DEFAULT CHARSET=utf8;

/*Data for the table `sheet1$` */

insert  into `sheet1$`(`id`,`date`,`asset_type`,`location_id`,`size`,`price_sold`,`price_moth`,`description`,`address`,`lat`,`long`,`nbed`) values (1,'2025-11-15 00:00:00',1,1,500,1000000,3000,'','','-0.2242848','51.4934037',0),(2,'2025-11-15 00:00:00',1,1,500,1010000,3100,'','','-0.2242848','51.4934037',0),(3,'2025-11-15 00:00:00',1,1,500,1020000,3200,'','','-0.2242848','51.4934037',0),(4,'2025-11-15 00:00:00',1,1,500,1030000,3300,'','','-0.2242848','51.4934037',0),(5,'2025-11-15 00:00:00',1,1,500,1040000,3400,'','','-0.2242848','51.4934037',0),(6,'2025-11-15 00:00:00',1,1,500,1050000,3500,'','','-0.2242848','51.4934037',0),(7,'2025-11-15 00:00:00',1,1,500,1060000,3600,'','','-0.2242848','51.4934037',0),(8,'2025-11-15 00:00:00',1,1,500,1070000,3700,'','','-0.2242848','51.4934037',0),(9,'2025-11-15 00:00:00',1,1,500,1080000,3800,'','','-0.2242848','51.4934037',0),(10,'2025-11-15 00:00:00',1,1,500,1090000,3900,'','','-0.2242848','51.4934037',0),(11,'2025-11-15 00:00:00',1,2,500,1100000,4000,'','','','0',0),(12,'2025-11-15 00:00:00',1,2,500,1110000,4100,'','','','0',0),(13,'2025-11-15 00:00:00',1,2,500,1120000,4200,'','','','0',0),(14,'2025-11-15 00:00:00',1,2,500,1130000,4300,'','','','0',0),(15,'2025-11-15 00:00:00',1,2,500,1140000,4400,'','','','0',0),(16,'2025-11-15 00:00:00',1,2,500,1150000,4500,'','','','0',0),(17,'2025-11-15 00:00:00',1,2,500,1160000,4600,'','','','0',0),(18,'2025-11-15 00:00:00',1,2,500,1170000,4700,'','','','0',0),(19,'2025-11-15 00:00:00',1,2,500,1180000,4800,'','','','0',0),(20,'2025-11-15 00:00:00',1,2,500,1190000,4900,'','','','0',0),(21,'2025-11-15 00:00:00',1,3,500,1200000,5000,'','','','0',0),(22,'2025-11-15 00:00:00',1,3,500,1210000,5100,'','','','0',0),(23,'2025-11-15 00:00:00',1,3,500,1220000,5200,'','','','0',0),(24,'2025-11-15 00:00:00',1,3,500,1230000,5300,'','','','0',0),(25,'2025-11-15 00:00:00',1,3,500,1240000,5400,'','','','0',0),(26,'2025-11-15 00:00:00',1,3,500,1250000,5500,'','','','0',0),(27,'2025-11-15 00:00:00',1,3,500,1260000,5600,'','','','0',0),(28,'2025-11-15 00:00:00',1,3,500,1270000,5700,'','','','0',0),(29,'2025-11-15 00:00:00',1,3,500,1280000,5800,'','','','0',0),(30,'2025-11-15 00:00:00',1,3,500,1290000,5900,'','','','0',0),(31,'2025-11-15 00:00:00',1,4,500,1300000,6000,'','','','0',0),(32,'2025-11-15 00:00:00',1,4,500,1310000,6100,'','','','0',0),(33,'2025-11-15 00:00:00',1,4,500,1320000,6200,'','','','0',0),(34,'2025-11-15 00:00:00',1,4,500,1330000,6300,'','','','0',0),(35,'2025-11-15 00:00:00',1,4,500,1340000,6400,'','','','0',0),(36,'2025-11-15 00:00:00',1,4,500,1350000,6500,'','','','0',0),(37,'2025-11-15 00:00:00',1,4,500,1360000,6600,'','','','0',0),(38,'2025-11-15 00:00:00',1,4,500,1370000,6700,'','','','0',0),(39,'2025-11-15 00:00:00',1,4,500,1380000,6800,'','','','0',0),(40,'2025-11-15 00:00:00',1,4,500,1390000,6900,'','','','0',0),(41,'2025-11-15 00:00:00',2,1,80,350000,1200,'','','-0.2242848','51.4934037',1),(42,'2025-11-15 00:00:00',2,1,80,365000,1250,'','','-0.2242848','51.4934037',1),(43,'2025-11-15 00:00:00',2,1,80,380000,1300,'','','-0.2242848','51.4934037',2),(44,'2025-11-15 00:00:00',2,1,80,395000,1350,'','','-0.2242848','51.4934037',2),(45,'2025-11-15 00:00:00',2,1,80,410000,1400,'','','-0.2242848','51.4934037',1),(46,'2025-11-15 00:00:00',2,1,80,425000,1450,'','','-0.2242848','51.4934037',1),(47,'2025-11-15 00:00:00',2,1,80,440000,1500,'','','-0.2242848','51.4934037',2),(48,'2025-11-15 00:00:00',2,1,80,455000,1550,'','','-0.2242848','51.4934037',2),(49,'2025-11-15 00:00:00',2,1,80,470000,1600,'','','-0.2242848','51.4934037',1),(50,'2025-11-15 00:00:00',2,1,80,485000,1650,'','','-0.2242848','51.4934037',2),(51,'2025-11-15 00:00:00',2,2,80,500000,1700,'','','','0',1),(52,'2025-11-15 00:00:00',2,2,80,515000,1750,'','','','0',2),(53,'2025-11-15 00:00:00',2,2,80,530000,1800,'','','','0',1),(54,'2025-11-15 00:00:00',2,2,80,545000,1850,'','','','0',2),(55,'2025-11-15 00:00:00',2,2,80,560000,1900,'','','','0',1),(56,'2025-11-15 00:00:00',2,2,80,575000,1950,'','','','0',2),(57,'2025-11-15 00:00:00',2,2,80,590000,2000,'','','','0',1),(58,'2025-11-15 00:00:00',2,2,80,605000,2050,'','','','0',2),(59,'2025-11-15 00:00:00',2,2,80,620000,2100,'','','','0',1),(60,'2025-11-15 00:00:00',2,2,80,635000,2150,'','','','0',2),(61,'2025-11-15 00:00:00',2,3,80,650000,2200,'','','','0',3),(62,'2025-11-15 00:00:00',2,3,80,665000,2250,'','','','0',2),(63,'2025-11-15 00:00:00',2,3,80,680000,2300,'','','','0',3),(64,'2025-11-15 00:00:00',2,3,80,695000,2350,'','','','0',2),(65,'2025-11-15 00:00:00',2,3,80,710000,2400,'','','','0',1),(66,'2025-11-15 00:00:00',2,3,80,725000,2450,'','','','0',3),(67,'2025-11-15 00:00:00',2,3,80,740000,2500,'','','','0',2),(68,'2025-11-15 00:00:00',2,3,80,755000,2550,'','','','0',1),(69,'2025-11-15 00:00:00',2,3,80,770000,2600,'','','','0',3),(70,'2025-11-15 00:00:00',2,3,80,785000,2650,'','','','0',2),(71,'2025-11-15 00:00:00',2,4,80,800000,2700,'','','','0',1),(72,'2025-11-15 00:00:00',2,4,80,815000,2750,'','','','0',3),(73,'2025-11-15 00:00:00',2,4,80,830000,2800,'','','','0',2),(74,'2025-11-15 00:00:00',2,4,80,845000,2850,'','','','0',1),(75,'2025-11-15 00:00:00',2,4,80,860000,2900,'','','','0',3),(76,'2025-11-15 00:00:00',2,4,80,875000,2950,'','','','0',2),(77,'2025-11-15 00:00:00',2,4,80,890000,3000,'','','','0',1),(78,'2025-11-15 00:00:00',2,4,80,905000,3050,'','','','0',3),(79,'2025-11-15 00:00:00',2,4,80,920000,3100,'','','','0',2),(80,'2025-11-15 00:00:00',2,4,80,935000,3150,'','','','0',1),(81,'2025-11-15 00:00:00',3,1,40,150000,350,'','','-0.2242848','51.4934037',0),(82,'2025-11-15 00:00:00',3,1,40,155000,355,'','','-0.2242848','51.4934037',0),(83,'2025-11-15 00:00:00',3,1,40,160000,360,'','','-0.2242848','51.4934037',0),(84,'2025-11-15 00:00:00',3,1,40,165000,365,'','','-0.2242848','51.4934037',0),(85,'2025-11-15 00:00:00',3,1,40,170000,370,'','','-0.2242848','51.4934037',0),(86,'2025-11-15 00:00:00',3,1,40,175000,375,'','','-0.2242848','51.4934037',0),(87,'2025-11-15 00:00:00',3,1,40,180000,380,'','','-0.2242848','51.4934037',0),(88,'2025-11-15 00:00:00',3,1,40,185000,385,'','','-0.2242848','51.4934037',0),(89,'2025-11-15 00:00:00',3,1,40,190000,390,'','','-0.2242848','51.4934037',0),(90,'2025-11-15 00:00:00',3,1,40,195000,395,'','','-0.2242848','51.4934037',0),(91,'2025-11-15 00:00:00',3,2,40,200000,400,'','','','0',0),(92,'2025-11-15 00:00:00',3,2,40,205000,405,'','','','0',0),(93,'2025-11-15 00:00:00',3,2,40,210000,410,'','','','0',0),(94,'2025-11-15 00:00:00',3,2,40,215000,415,'','','','0',0),(95,'2025-11-15 00:00:00',3,2,40,220000,420,'','','','0',0),(96,'2025-11-15 00:00:00',3,2,40,225000,425,'','','','0',0),(97,'2025-11-15 00:00:00',3,2,40,230000,430,'','','','0',0),(98,'2025-11-15 00:00:00',3,2,40,235000,435,'','','','0',0),(99,'2025-11-15 00:00:00',3,2,40,240000,440,'','','','0',0),(100,'2025-11-15 00:00:00',3,2,40,245000,445,'','','','0',0),(101,'2025-11-15 00:00:00',3,3,40,250000,450,'','','','0',0),(102,'2025-11-15 00:00:00',3,3,40,255000,455,'','','','0',0),(103,'2025-11-15 00:00:00',3,3,40,260000,460,'','','','0',0),(104,'2025-11-15 00:00:00',3,3,40,265000,465,'','','','0',0),(105,'2025-11-15 00:00:00',3,3,40,270000,470,'','','','0',0),(106,'2025-11-15 00:00:00',3,3,40,275000,475,'','','','0',0),(107,'2025-11-15 00:00:00',3,3,40,280000,480,'','','','0',0),(108,'2025-11-15 00:00:00',3,3,40,285000,485,'','','','0',0),(109,'2025-11-15 00:00:00',3,3,40,290000,490,'','','','0',0),(110,'2025-11-15 00:00:00',3,3,40,295000,495,'','','','0',0),(111,'2025-11-15 00:00:00',3,4,40,300000,500,'','','','0',0),(112,'2025-11-15 00:00:00',3,4,40,305000,505,'','','','0',0),(113,'2025-11-15 00:00:00',3,4,40,310000,510,'','','','0',0),(114,'2025-11-15 00:00:00',3,4,40,315000,515,'','','','0',0),(115,'2025-11-15 00:00:00',3,4,40,320000,520,'','','','0',0),(116,'2025-11-15 00:00:00',3,4,40,325000,525,'','','','0',0),(117,'2025-11-15 00:00:00',3,4,40,330000,530,'','','','0',0),(118,'2025-11-15 00:00:00',3,4,40,335000,535,'','','','0',0),(119,'2025-11-15 00:00:00',3,4,40,340000,540,'','','','0',0),(120,'2025-11-15 00:00:00',3,4,40,345000,545,'','','','0',0),(121,'2025-11-15 00:00:00',4,1,200,275000,650,'','','-0.2242848','51.4934037',2),(122,'2025-11-15 00:00:00',4,1,200,276000,651,'','','-0.2242848','51.4934037',3),(123,'2025-11-15 00:00:00',4,1,200,277000,652,'','','-0.2242848','51.4934037',4),(124,'2025-11-15 00:00:00',4,1,200,278000,653,'','','-0.2242848','51.4934037',2),(125,'2025-11-15 00:00:00',4,1,200,279000,654,'','','-0.2242848','51.4934037',3),(126,'2025-11-15 00:00:00',4,1,200,280000,655,'','','-0.2242848','51.4934037',4),(127,'2025-11-15 00:00:00',4,1,200,281000,656,'','','-0.2242848','51.4934037',2),(128,'2025-11-15 00:00:00',4,1,200,282000,657,'','','-0.2242848','51.4934037',3),(129,'2025-11-15 00:00:00',4,1,200,283000,658,'','','-0.2242848','51.4934037',4),(130,'2025-11-15 00:00:00',4,1,200,284000,659,'','','-0.2242848','51.4934037',2),(131,'2025-11-15 00:00:00',4,2,200,285000,660,'','','','0',3),(132,'2025-11-15 00:00:00',4,2,200,286000,661,'','','','0',4),(133,'2025-11-15 00:00:00',4,2,200,287000,662,'','','','0',2),(134,'2025-11-15 00:00:00',4,2,200,288000,663,'','','','0',3),(135,'2025-11-15 00:00:00',4,2,200,289000,664,'','','','0',4),(136,'2025-11-15 00:00:00',4,2,200,290000,665,'','','','0',2),(137,'2025-11-15 00:00:00',4,2,200,291000,666,'','','','0',3),(138,'2025-11-15 00:00:00',4,2,200,292000,667,'','','','0',4),(139,'2025-11-15 00:00:00',4,2,200,293000,668,'','','','0',2),(140,'2025-11-15 00:00:00',4,2,200,294000,669,'','','','0',3),(141,'2025-11-15 00:00:00',4,3,200,295000,670,'','','','0',4),(142,'2025-11-15 00:00:00',4,3,200,296000,671,'','','','0',2),(143,'2025-11-15 00:00:00',4,3,200,297000,672,'','','','0',3),(144,'2025-11-15 00:00:00',4,3,200,298000,673,'','','','0',4),(145,'2025-11-15 00:00:00',4,3,200,299000,674,'','','','0',2),(146,'2025-11-15 00:00:00',4,3,200,300000,675,'','','','0',3),(147,'2025-11-15 00:00:00',4,3,200,301000,676,'','','','0',4),(148,'2025-11-15 00:00:00',4,3,200,302000,677,'','','','0',2),(149,'2025-11-15 00:00:00',4,3,200,303000,678,'','','','0',3),(150,'2025-11-15 00:00:00',4,3,200,304000,679,'','','','0',4),(151,'2025-11-15 00:00:00',4,4,200,305000,680,'','','','0',2),(152,'2025-11-15 00:00:00',4,4,200,306000,681,'','','','0',3),(153,'2025-11-15 00:00:00',4,4,200,307000,682,'','','','0',4),(154,'2025-11-15 00:00:00',4,4,200,308000,683,'','','','0',2),(155,'2025-11-15 00:00:00',4,4,200,309000,684,'','','','0',3),(156,'2025-11-15 00:00:00',4,4,200,310000,685,'','','','0',4),(157,'2025-11-15 00:00:00',4,4,200,311000,686,'','','','0',2),(158,'2025-11-15 00:00:00',4,4,200,312000,687,'','','','0',3),(159,'2025-11-15 00:00:00',4,4,200,313000,688,'','','','0',4),(160,'2025-11-15 00:00:00',4,4,200,314000,689,'','','','0',2),(161,'2025-11-15 00:00:00',5,1,300,180000,325,'','','-0.2242848','51.4934037',0),(162,'2025-11-15 00:00:00',5,1,300,180005,326,'','','-0.2242848','51.4934037',0),(163,'2025-11-15 00:00:00',5,1,300,180010,327,'','','-0.2242848','51.4934037',0),(164,'2025-11-15 00:00:00',5,1,300,180015,328,'','','-0.2242848','51.4934037',0),(165,'2025-11-15 00:00:00',5,1,300,180020,329,'','','-0.2242848','51.4934037',0),(166,'2025-11-15 00:00:00',5,1,300,180025,330,'','','-0.2242848','51.4934037',0),(167,'2025-11-15 00:00:00',5,1,300,180030,331,'','','-0.2242848','51.4934037',0),(168,'2025-11-15 00:00:00',5,1,300,180035,332,'','','-0.2242848','51.4934037',0),(169,'2025-11-15 00:00:00',5,1,300,180040,333,'','','-0.2242848','51.4934037',0),(170,'2025-11-15 00:00:00',5,1,300,180045,334,'','','-0.2242848','51.4934037',0),(171,'2025-11-15 00:00:00',5,2,300,180050,335,'','','','0',0),(172,'2025-11-15 00:00:00',5,2,300,180055,336,'','','','0',0),(173,'2025-11-15 00:00:00',5,2,300,180060,337,'','','','0',0),(174,'2025-11-15 00:00:00',5,2,300,180065,338,'','','','0',0),(175,'2025-11-15 00:00:00',5,2,300,180070,339,'','','','0',0),(176,'2025-11-15 00:00:00',5,2,300,180075,340,'','','','0',0),(177,'2025-11-15 00:00:00',5,2,300,180080,341,'','','','0',0),(178,'2025-11-15 00:00:00',5,2,300,180085,342,'','','','0',0),(179,'2025-11-15 00:00:00',5,2,300,180090,343,'','','','0',0),(180,'2025-11-15 00:00:00',5,2,300,180095,344,'','','','0',0),(181,'2025-11-15 00:00:00',5,3,300,180100,345,'','','','0',0),(182,'2025-11-15 00:00:00',5,3,300,180105,346,'','','','0',0),(183,'2025-11-15 00:00:00',5,3,300,180110,347,'','','','0',0),(184,'2025-11-15 00:00:00',5,3,300,180115,348,'','','','0',0),(185,'2025-11-15 00:00:00',5,3,300,180120,349,'','','','0',0),(186,'2025-11-15 00:00:00',5,3,300,180125,350,'','','','0',0),(187,'2025-11-15 00:00:00',5,3,300,180130,351,'','','','0',0),(188,'2025-11-15 00:00:00',5,3,300,180135,352,'','','','0',0),(189,'2025-11-15 00:00:00',5,3,300,180140,353,'','','','0',0),(190,'2025-11-15 00:00:00',5,3,300,180145,354,'','','','0',0),(191,'2025-11-15 00:00:00',5,4,300,180150,355,'','','','0',0),(192,'2025-11-15 00:00:00',5,4,300,180155,356,'','','','0',0),(193,'2025-11-15 00:00:00',5,4,300,180160,357,'','','','0',0),(194,'2025-11-15 00:00:00',5,4,300,180165,358,'','','','0',0),(195,'2025-11-15 00:00:00',5,4,300,180170,359,'','','','0',0),(196,'2025-11-15 00:00:00',5,4,300,180175,360,'','','','0',0),(197,'2025-11-15 00:00:00',5,4,300,180180,361,'','','','0',0),(198,'2025-11-15 00:00:00',5,4,300,180185,362,'','','','0',0),(199,'2025-11-15 00:00:00',5,4,300,180190,363,'','','','0',0),(200,'2025-11-15 00:00:00',5,4,300,180195,364,'','','','0',0),(201,'2025-11-15 00:00:00',6,1,700,1000000,1200,'','','-0.2242848','51.4934037',0),(202,'2025-11-15 00:00:00',6,1,700,1001000,1250,'','','-0.2242848','51.4934037',0),(203,'2025-11-15 00:00:00',6,1,700,1002000,1300,'','','-0.2242848','51.4934037',0),(204,'2025-11-15 00:00:00',6,1,700,1003000,1350,'','','-0.2242848','51.4934037',0),(205,'2025-11-15 00:00:00',6,1,700,1004000,1400,'','','-0.2242848','51.4934037',0),(206,'2025-11-15 00:00:00',6,1,700,1005000,1450,'','','-0.2242848','51.4934037',0),(207,'2025-11-15 00:00:00',6,1,700,1006000,1500,'','','-0.2242848','51.4934037',0),(208,'2025-11-15 00:00:00',6,1,700,1007000,1550,'','','-0.2242848','51.4934037',0),(209,'2025-11-15 00:00:00',6,1,700,1008000,1600,'','','-0.2242848','51.4934037',0),(210,'2025-11-15 00:00:00',6,1,700,1009000,1650,'','','-0.2242848','51.4934037',0),(211,'2025-11-15 00:00:00',6,2,700,1010000,1700,'','','','0',0),(212,'2025-11-15 00:00:00',6,2,700,1011000,1750,'','','','0',0),(213,'2025-11-15 00:00:00',6,2,700,1012000,1800,'','','','0',0),(214,'2025-11-15 00:00:00',6,2,700,1013000,1850,'','','','0',0),(215,'2025-11-15 00:00:00',6,2,700,1014000,1900,'','','','0',0),(216,'2025-11-15 00:00:00',6,2,700,1015000,1950,'','','','0',0),(217,'2025-11-15 00:00:00',6,2,700,1016000,2000,'','','','0',0),(218,'2025-11-15 00:00:00',6,2,700,1017000,2050,'','','','0',0),(219,'2025-11-15 00:00:00',6,2,700,1018000,2100,'','','','0',0),(220,'2025-11-15 00:00:00',6,2,700,1019000,2150,'','','','0',0),(221,'2025-11-15 00:00:00',6,3,700,1020000,2200,'','','','0',0),(222,'2025-11-15 00:00:00',6,3,700,1021000,2250,'','','','0',0),(223,'2025-11-15 00:00:00',6,3,700,1022000,2300,'','','','0',0),(224,'2025-11-15 00:00:00',6,3,700,1023000,2350,'','','','0',0),(225,'2025-11-15 00:00:00',6,3,700,1024000,2400,'','','','0',0),(226,'2025-11-15 00:00:00',6,3,700,1025000,2450,'','','','0',0),(227,'2025-11-15 00:00:00',6,3,700,1026000,2500,'','','','0',0),(228,'2025-11-15 00:00:00',6,3,700,1027000,2550,'','','','0',0),(229,'2025-11-15 00:00:00',6,3,700,1028000,2600,'','','','0',0),(230,'2025-11-15 00:00:00',6,3,700,1029000,2650,'','','','0',0),(231,'2025-11-15 00:00:00',6,4,700,1030000,2700,'','','','0',0),(232,'2025-11-15 00:00:00',6,4,700,1031000,2750,'','','','0',0),(233,'2025-11-15 00:00:00',6,4,700,1032000,2800,'','','','0',0),(234,'2025-11-15 00:00:00',6,4,700,1033000,2850,'','','','0',0),(235,'2025-11-15 00:00:00',6,4,700,1034000,2900,'','','','0',0),(236,'2025-11-15 00:00:00',6,4,700,1035000,2950,'','','','0',0),(237,'2025-11-15 00:00:00',6,4,700,1036000,3000,'','','','0',0),(238,'2025-11-15 00:00:00',6,4,700,1037000,3050,'','','','0',0),(239,'2025-11-15 00:00:00',6,4,700,1038000,3100,'','','','0',0),(240,'2025-11-15 00:00:00',6,4,700,1039000,3150,'','','','0',0),(241,'2025-11-15 00:00:00',7,1,150,275000,650,'','','-0.2242848','51.4934037',1),(242,'2025-11-15 00:00:00',7,1,150,285000,670,'','','-0.2242848','51.4934037',2),(243,'2025-11-15 00:00:00',7,1,150,295000,690,'','','-0.2242848','51.4934037',3),(244,'2025-11-15 00:00:00',7,1,150,305000,710,'','','-0.2242848','51.4934037',1),(245,'2025-11-15 00:00:00',7,1,150,315000,730,'','','-0.2242848','51.4934037',2),(246,'2025-11-15 00:00:00',7,1,150,325000,750,'','','-0.2242848','51.4934037',3),(247,'2025-11-15 00:00:00',7,1,150,335000,770,'','','-0.2242848','51.4934037',1),(248,'2025-11-15 00:00:00',7,1,150,345000,790,'','','-0.2242848','51.4934037',2),(249,'2025-11-15 00:00:00',7,1,150,355000,810,'','','-0.2242848','51.4934037',3),(250,'2025-11-15 00:00:00',7,1,150,365000,830,'','','-0.2242848','51.4934037',1),(251,'2025-11-15 00:00:00',7,2,150,375000,850,'','','','0',2),(252,'2025-11-15 00:00:00',7,2,150,385000,870,'','','','0',3),(253,'2025-11-15 00:00:00',7,2,150,395000,890,'','','','0',1),(254,'2025-11-15 00:00:00',7,2,150,405000,910,'','','','0',2),(255,'2025-11-15 00:00:00',7,2,150,415000,930,'','','','0',3),(256,'2025-11-15 00:00:00',7,2,150,425000,950,'','','','0',1),(257,'2025-11-15 00:00:00',7,2,150,435000,970,'','','','0',2),(258,'2025-11-15 00:00:00',7,2,150,445000,990,'','','','0',3),(259,'2025-11-15 00:00:00',7,2,150,455000,1010,'','','','0',1),(260,'2025-11-15 00:00:00',7,2,150,465000,1030,'','','','0',2),(261,'2025-11-15 00:00:00',7,3,150,475000,1050,'','','','0',3),(262,'2025-11-15 00:00:00',7,3,150,485000,1070,'','','','0',1),(263,'2025-11-15 00:00:00',7,3,150,495000,1090,'','','','0',2),(264,'2025-11-15 00:00:00',7,3,150,505000,1110,'','','','0',3),(265,'2025-11-15 00:00:00',7,3,150,515000,1130,'','','','0',1),(266,'2025-11-15 00:00:00',7,3,150,525000,1150,'','','','0',2),(267,'2025-11-15 00:00:00',7,3,150,535000,1170,'','','','0',3),(268,'2025-11-15 00:00:00',7,3,150,545000,1190,'','','','0',1),(269,'2025-11-15 00:00:00',7,3,150,555000,1210,'','','','0',2),(270,'2025-11-15 00:00:00',7,3,150,565000,1230,'','','','0',3),(271,'2025-11-15 00:00:00',7,4,150,575000,1250,'','','','0',1),(272,'2025-11-15 00:00:00',7,4,150,585000,1270,'','','','0',2),(273,'2025-11-15 00:00:00',7,4,150,595000,1290,'','','','0',3),(274,'2025-11-15 00:00:00',7,4,150,605000,1310,'','','','0',1),(275,'2025-11-15 00:00:00',7,4,150,615000,1330,'','','','0',2),(276,'2025-11-15 00:00:00',7,4,150,625000,1350,'','','','0',3),(277,'2025-11-15 00:00:00',7,4,150,635000,1370,'','','','0',1),(278,'2025-11-15 00:00:00',7,4,150,645000,1390,'','','','0',2),(279,'2025-11-15 00:00:00',7,4,150,655000,1410,'','','','0',3),(280,'2025-11-15 00:00:00',7,4,150,665000,1430,'','','','0',1),(1,'2025-11-15 00:00:00',1,1,500,1000000,3000,'','','-0.2242848','51.4934037',0),(2,'2025-11-15 00:00:00',1,1,500,1010000,3100,'','','-0.2242848','51.4934037',0),(3,'2025-11-15 00:00:00',1,1,500,1020000,3200,'','','-0.2242848','51.4934037',0),(4,'2025-11-15 00:00:00',1,1,500,1030000,3300,'','','-0.2242848','51.4934037',0),(5,'2025-11-15 00:00:00',1,1,500,1040000,3400,'','','-0.2242848','51.4934037',0),(6,'2025-11-15 00:00:00',1,1,500,1050000,3500,'','','-0.2242848','51.4934037',0),(7,'2025-11-15 00:00:00',1,1,500,1060000,3600,'','','-0.2242848','51.4934037',0),(8,'2025-11-15 00:00:00',1,1,500,1070000,3700,'','','-0.2242848','51.4934037',0),(9,'2025-11-15 00:00:00',1,1,500,1080000,3800,'','','-0.2242848','51.4934037',0),(10,'2025-11-15 00:00:00',1,1,500,1090000,3900,'','','-0.2242848','51.4934037',0),(11,'2025-11-15 00:00:00',1,2,500,1100000,4000,'','','','0',0),(12,'2025-11-15 00:00:00',1,2,500,1110000,4100,'','','','0',0),(13,'2025-11-15 00:00:00',1,2,500,1120000,4200,'','','','0',0),(14,'2025-11-15 00:00:00',1,2,500,1130000,4300,'','','','0',0),(15,'2025-11-15 00:00:00',1,2,500,1140000,4400,'','','','0',0),(16,'2025-11-15 00:00:00',1,2,500,1150000,4500,'','','','0',0),(17,'2025-11-15 00:00:00',1,2,500,1160000,4600,'','','','0',0),(18,'2025-11-15 00:00:00',1,2,500,1170000,4700,'','','','0',0),(19,'2025-11-15 00:00:00',1,2,500,1180000,4800,'','','','0',0),(20,'2025-11-15 00:00:00',1,2,500,1190000,4900,'','','','0',0),(21,'2025-11-15 00:00:00',1,3,500,1200000,5000,'','','','0',0),(22,'2025-11-15 00:00:00',1,3,500,1210000,5100,'','','','0',0),(23,'2025-11-15 00:00:00',1,3,500,1220000,5200,'','','','0',0),(24,'2025-11-15 00:00:00',1,3,500,1230000,5300,'','','','0',0),(25,'2025-11-15 00:00:00',1,3,500,1240000,5400,'','','','0',0),(26,'2025-11-15 00:00:00',1,3,500,1250000,5500,'','','','0',0),(27,'2025-11-15 00:00:00',1,3,500,1260000,5600,'','','','0',0),(28,'2025-11-15 00:00:00',1,3,500,1270000,5700,'','','','0',0),(29,'2025-11-15 00:00:00',1,3,500,1280000,5800,'','','','0',0),(30,'2025-11-15 00:00:00',1,3,500,1290000,5900,'','','','0',0),(31,'2025-11-15 00:00:00',1,4,500,1300000,6000,'','','','0',0),(32,'2025-11-15 00:00:00',1,4,500,1310000,6100,'','','','0',0),(33,'2025-11-15 00:00:00',1,4,500,1320000,6200,'','','','0',0),(34,'2025-11-15 00:00:00',1,4,500,1330000,6300,'','','','0',0),(35,'2025-11-15 00:00:00',1,4,500,1340000,6400,'','','','0',0),(36,'2025-11-15 00:00:00',1,4,500,1350000,6500,'','','','0',0),(37,'2025-11-15 00:00:00',1,4,500,1360000,6600,'','','','0',0),(38,'2025-11-15 00:00:00',1,4,500,1370000,6700,'','','','0',0),(39,'2025-11-15 00:00:00',1,4,500,1380000,6800,'','','','0',0),(40,'2025-11-15 00:00:00',1,4,500,1390000,6900,'','','','0',0),(41,'2025-11-15 00:00:00',2,1,80,350000,1200,'','','-0.2242848','51.4934037',1),(42,'2025-11-15 00:00:00',2,1,80,365000,1250,'','','-0.2242848','51.4934037',1),(43,'2025-11-15 00:00:00',2,1,80,380000,1300,'','','-0.2242848','51.4934037',2),(44,'2025-11-15 00:00:00',2,1,80,395000,1350,'','','-0.2242848','51.4934037',2),(45,'2025-11-15 00:00:00',2,1,80,410000,1400,'','','-0.2242848','51.4934037',1),(46,'2025-11-15 00:00:00',2,1,80,425000,1450,'','','-0.2242848','51.4934037',1),(47,'2025-11-15 00:00:00',2,1,80,440000,1500,'','','-0.2242848','51.4934037',2),(48,'2025-11-15 00:00:00',2,1,80,455000,1550,'','','-0.2242848','51.4934037',2),(49,'2025-11-15 00:00:00',2,1,80,470000,1600,'','','-0.2242848','51.4934037',1),(50,'2025-11-15 00:00:00',2,1,80,485000,1650,'','','-0.2242848','51.4934037',2),(51,'2025-11-15 00:00:00',2,2,80,500000,1700,'','','','0',1),(52,'2025-11-15 00:00:00',2,2,80,515000,1750,'','','','0',2),(53,'2025-11-15 00:00:00',2,2,80,530000,1800,'','','','0',1),(54,'2025-11-15 00:00:00',2,2,80,545000,1850,'','','','0',2),(55,'2025-11-15 00:00:00',2,2,80,560000,1900,'','','','0',1),(56,'2025-11-15 00:00:00',2,2,80,575000,1950,'','','','0',2),(57,'2025-11-15 00:00:00',2,2,80,590000,2000,'','','','0',1),(58,'2025-11-15 00:00:00',2,2,80,605000,2050,'','','','0',2),(59,'2025-11-15 00:00:00',2,2,80,620000,2100,'','','','0',1),(60,'2025-11-15 00:00:00',2,2,80,635000,2150,'','','','0',2),(61,'2025-11-15 00:00:00',2,3,80,650000,2200,'','','','0',3),(62,'2025-11-15 00:00:00',2,3,80,665000,2250,'','','','0',2),(63,'2025-11-15 00:00:00',2,3,80,680000,2300,'','','','0',3),(64,'2025-11-15 00:00:00',2,3,80,695000,2350,'','','','0',2),(65,'2025-11-15 00:00:00',2,3,80,710000,2400,'','','','0',1),(66,'2025-11-15 00:00:00',2,3,80,725000,2450,'','','','0',3),(67,'2025-11-15 00:00:00',2,3,80,740000,2500,'','','','0',2),(68,'2025-11-15 00:00:00',2,3,80,755000,2550,'','','','0',1),(69,'2025-11-15 00:00:00',2,3,80,770000,2600,'','','','0',3),(70,'2025-11-15 00:00:00',2,3,80,785000,2650,'','','','0',2),(71,'2025-11-15 00:00:00',2,4,80,800000,2700,'','','','0',1),(72,'2025-11-15 00:00:00',2,4,80,815000,2750,'','','','0',3),(73,'2025-11-15 00:00:00',2,4,80,830000,2800,'','','','0',2),(74,'2025-11-15 00:00:00',2,4,80,845000,2850,'','','','0',1),(75,'2025-11-15 00:00:00',2,4,80,860000,2900,'','','','0',3),(76,'2025-11-15 00:00:00',2,4,80,875000,2950,'','','','0',2),(77,'2025-11-15 00:00:00',2,4,80,890000,3000,'','','','0',1),(78,'2025-11-15 00:00:00',2,4,80,905000,3050,'','','','0',3),(79,'2025-11-15 00:00:00',2,4,80,920000,3100,'','','','0',2),(80,'2025-11-15 00:00:00',2,4,80,935000,3150,'','','','0',1),(81,'2025-11-15 00:00:00',3,1,40,150000,350,'','','-0.2242848','51.4934037',0),(82,'2025-11-15 00:00:00',3,1,40,155000,355,'','','-0.2242848','51.4934037',0),(83,'2025-11-15 00:00:00',3,1,40,160000,360,'','','-0.2242848','51.4934037',0),(84,'2025-11-15 00:00:00',3,1,40,165000,365,'','','-0.2242848','51.4934037',0),(85,'2025-11-15 00:00:00',3,1,40,170000,370,'','','-0.2242848','51.4934037',0),(86,'2025-11-15 00:00:00',3,1,40,175000,375,'','','-0.2242848','51.4934037',0),(87,'2025-11-15 00:00:00',3,1,40,180000,380,'','','-0.2242848','51.4934037',0),(88,'2025-11-15 00:00:00',3,1,40,185000,385,'','','-0.2242848','51.4934037',0),(89,'2025-11-15 00:00:00',3,1,40,190000,390,'','','-0.2242848','51.4934037',0),(90,'2025-11-15 00:00:00',3,1,40,195000,395,'','','-0.2242848','51.4934037',0),(91,'2025-11-15 00:00:00',3,2,40,200000,400,'','','','0',0),(92,'2025-11-15 00:00:00',3,2,40,205000,405,'','','','0',0),(93,'2025-11-15 00:00:00',3,2,40,210000,410,'','','','0',0),(94,'2025-11-15 00:00:00',3,2,40,215000,415,'','','','0',0),(95,'2025-11-15 00:00:00',3,2,40,220000,420,'','','','0',0),(96,'2025-11-15 00:00:00',3,2,40,225000,425,'','','','0',0),(97,'2025-11-15 00:00:00',3,2,40,230000,430,'','','','0',0),(98,'2025-11-15 00:00:00',3,2,40,235000,435,'','','','0',0),(99,'2025-11-15 00:00:00',3,2,40,240000,440,'','','','0',0),(100,'2025-11-15 00:00:00',3,2,40,245000,445,'','','','0',0),(101,'2025-11-15 00:00:00',3,3,40,250000,450,'','','','0',0),(102,'2025-11-15 00:00:00',3,3,40,255000,455,'','','','0',0),(103,'2025-11-15 00:00:00',3,3,40,260000,460,'','','','0',0),(104,'2025-11-15 00:00:00',3,3,40,265000,465,'','','','0',0),(105,'2025-11-15 00:00:00',3,3,40,270000,470,'','','','0',0),(106,'2025-11-15 00:00:00',3,3,40,275000,475,'','','','0',0),(107,'2025-11-15 00:00:00',3,3,40,280000,480,'','','','0',0),(108,'2025-11-15 00:00:00',3,3,40,285000,485,'','','','0',0),(109,'2025-11-15 00:00:00',3,3,40,290000,490,'','','','0',0),(110,'2025-11-15 00:00:00',3,3,40,295000,495,'','','','0',0),(111,'2025-11-15 00:00:00',3,4,40,300000,500,'','','','0',0),(112,'2025-11-15 00:00:00',3,4,40,305000,505,'','','','0',0),(113,'2025-11-15 00:00:00',3,4,40,310000,510,'','','','0',0),(114,'2025-11-15 00:00:00',3,4,40,315000,515,'','','','0',0),(115,'2025-11-15 00:00:00',3,4,40,320000,520,'','','','0',0),(116,'2025-11-15 00:00:00',3,4,40,325000,525,'','','','0',0),(117,'2025-11-15 00:00:00',3,4,40,330000,530,'','','','0',0),(118,'2025-11-15 00:00:00',3,4,40,335000,535,'','','','0',0),(119,'2025-11-15 00:00:00',3,4,40,340000,540,'','','','0',0),(120,'2025-11-15 00:00:00',3,4,40,345000,545,'','','','0',0),(121,'2025-11-15 00:00:00',4,1,200,275000,650,'','','-0.2242848','51.4934037',2),(122,'2025-11-15 00:00:00',4,1,200,276000,651,'','','-0.2242848','51.4934037',3),(123,'2025-11-15 00:00:00',4,1,200,277000,652,'','','-0.2242848','51.4934037',4),(124,'2025-11-15 00:00:00',4,1,200,278000,653,'','','-0.2242848','51.4934037',2),(125,'2025-11-15 00:00:00',4,1,200,279000,654,'','','-0.2242848','51.4934037',3),(126,'2025-11-15 00:00:00',4,1,200,280000,655,'','','-0.2242848','51.4934037',4),(127,'2025-11-15 00:00:00',4,1,200,281000,656,'','','-0.2242848','51.4934037',2),(128,'2025-11-15 00:00:00',4,1,200,282000,657,'','','-0.2242848','51.4934037',3),(129,'2025-11-15 00:00:00',4,1,200,283000,658,'','','-0.2242848','51.4934037',4),(130,'2025-11-15 00:00:00',4,1,200,284000,659,'','','-0.2242848','51.4934037',2),(131,'2025-11-15 00:00:00',4,2,200,285000,660,'','','','0',3),(132,'2025-11-15 00:00:00',4,2,200,286000,661,'','','','0',4),(133,'2025-11-15 00:00:00',4,2,200,287000,662,'','','','0',2),(134,'2025-11-15 00:00:00',4,2,200,288000,663,'','','','0',3),(135,'2025-11-15 00:00:00',4,2,200,289000,664,'','','','0',4),(136,'2025-11-15 00:00:00',4,2,200,290000,665,'','','','0',2),(137,'2025-11-15 00:00:00',4,2,200,291000,666,'','','','0',3),(138,'2025-11-15 00:00:00',4,2,200,292000,667,'','','','0',4),(139,'2025-11-15 00:00:00',4,2,200,293000,668,'','','','0',2),(140,'2025-11-15 00:00:00',4,2,200,294000,669,'','','','0',3),(141,'2025-11-15 00:00:00',4,3,200,295000,670,'','','','0',4),(142,'2025-11-15 00:00:00',4,3,200,296000,671,'','','','0',2),(143,'2025-11-15 00:00:00',4,3,200,297000,672,'','','','0',3),(144,'2025-11-15 00:00:00',4,3,200,298000,673,'','','','0',4),(145,'2025-11-15 00:00:00',4,3,200,299000,674,'','','','0',2),(146,'2025-11-15 00:00:00',4,3,200,300000,675,'','','','0',3),(147,'2025-11-15 00:00:00',4,3,200,301000,676,'','','','0',4),(148,'2025-11-15 00:00:00',4,3,200,302000,677,'','','','0',2),(149,'2025-11-15 00:00:00',4,3,200,303000,678,'','','','0',3),(150,'2025-11-15 00:00:00',4,3,200,304000,679,'','','','0',4),(151,'2025-11-15 00:00:00',4,4,200,305000,680,'','','','0',2),(152,'2025-11-15 00:00:00',4,4,200,306000,681,'','','','0',3),(153,'2025-11-15 00:00:00',4,4,200,307000,682,'','','','0',4),(154,'2025-11-15 00:00:00',4,4,200,308000,683,'','','','0',2),(155,'2025-11-15 00:00:00',4,4,200,309000,684,'','','','0',3),(156,'2025-11-15 00:00:00',4,4,200,310000,685,'','','','0',4),(157,'2025-11-15 00:00:00',4,4,200,311000,686,'','','','0',2),(158,'2025-11-15 00:00:00',4,4,200,312000,687,'','','','0',3),(159,'2025-11-15 00:00:00',4,4,200,313000,688,'','','','0',4),(160,'2025-11-15 00:00:00',4,4,200,314000,689,'','','','0',2),(161,'2025-11-15 00:00:00',5,1,300,180000,325,'','','-0.2242848','51.4934037',0),(162,'2025-11-15 00:00:00',5,1,300,180005,326,'','','-0.2242848','51.4934037',0),(163,'2025-11-15 00:00:00',5,1,300,180010,327,'','','-0.2242848','51.4934037',0),(164,'2025-11-15 00:00:00',5,1,300,180015,328,'','','-0.2242848','51.4934037',0),(165,'2025-11-15 00:00:00',5,1,300,180020,329,'','','-0.2242848','51.4934037',0),(166,'2025-11-15 00:00:00',5,1,300,180025,330,'','','-0.2242848','51.4934037',0),(167,'2025-11-15 00:00:00',5,1,300,180030,331,'','','-0.2242848','51.4934037',0),(168,'2025-11-15 00:00:00',5,1,300,180035,332,'','','-0.2242848','51.4934037',0),(169,'2025-11-15 00:00:00',5,1,300,180040,333,'','','-0.2242848','51.4934037',0),(170,'2025-11-15 00:00:00',5,1,300,180045,334,'','','-0.2242848','51.4934037',0),(171,'2025-11-15 00:00:00',5,2,300,180050,335,'','','','0',0),(172,'2025-11-15 00:00:00',5,2,300,180055,336,'','','','0',0),(173,'2025-11-15 00:00:00',5,2,300,180060,337,'','','','0',0),(174,'2025-11-15 00:00:00',5,2,300,180065,338,'','','','0',0),(175,'2025-11-15 00:00:00',5,2,300,180070,339,'','','','0',0),(176,'2025-11-15 00:00:00',5,2,300,180075,340,'','','','0',0),(177,'2025-11-15 00:00:00',5,2,300,180080,341,'','','','0',0),(178,'2025-11-15 00:00:00',5,2,300,180085,342,'','','','0',0),(179,'2025-11-15 00:00:00',5,2,300,180090,343,'','','','0',0),(180,'2025-11-15 00:00:00',5,2,300,180095,344,'','','','0',0),(181,'2025-11-15 00:00:00',5,3,300,180100,345,'','','','0',0),(182,'2025-11-15 00:00:00',5,3,300,180105,346,'','','','0',0),(183,'2025-11-15 00:00:00',5,3,300,180110,347,'','','','0',0),(184,'2025-11-15 00:00:00',5,3,300,180115,348,'','','','0',0),(185,'2025-11-15 00:00:00',5,3,300,180120,349,'','','','0',0),(186,'2025-11-15 00:00:00',5,3,300,180125,350,'','','','0',0),(187,'2025-11-15 00:00:00',5,3,300,180130,351,'','','','0',0),(188,'2025-11-15 00:00:00',5,3,300,180135,352,'','','','0',0),(189,'2025-11-15 00:00:00',5,3,300,180140,353,'','','','0',0),(190,'2025-11-15 00:00:00',5,3,300,180145,354,'','','','0',0),(191,'2025-11-15 00:00:00',5,4,300,180150,355,'','','','0',0),(192,'2025-11-15 00:00:00',5,4,300,180155,356,'','','','0',0),(193,'2025-11-15 00:00:00',5,4,300,180160,357,'','','','0',0),(194,'2025-11-15 00:00:00',5,4,300,180165,358,'','','','0',0),(195,'2025-11-15 00:00:00',5,4,300,180170,359,'','','','0',0),(196,'2025-11-15 00:00:00',5,4,300,180175,360,'','','','0',0),(197,'2025-11-15 00:00:00',5,4,300,180180,361,'','','','0',0),(198,'2025-11-15 00:00:00',5,4,300,180185,362,'','','','0',0),(199,'2025-11-15 00:00:00',5,4,300,180190,363,'','','','0',0),(200,'2025-11-15 00:00:00',5,4,300,180195,364,'','','','0',0),(201,'2025-11-15 00:00:00',6,1,700,1000000,1200,'','','-0.2242848','51.4934037',0),(202,'2025-11-15 00:00:00',6,1,700,1001000,1250,'','','-0.2242848','51.4934037',0),(203,'2025-11-15 00:00:00',6,1,700,1002000,1300,'','','-0.2242848','51.4934037',0),(204,'2025-11-15 00:00:00',6,1,700,1003000,1350,'','','-0.2242848','51.4934037',0),(205,'2025-11-15 00:00:00',6,1,700,1004000,1400,'','','-0.2242848','51.4934037',0),(206,'2025-11-15 00:00:00',6,1,700,1005000,1450,'','','-0.2242848','51.4934037',0),(207,'2025-11-15 00:00:00',6,1,700,1006000,1500,'','','-0.2242848','51.4934037',0),(208,'2025-11-15 00:00:00',6,1,700,1007000,1550,'','','-0.2242848','51.4934037',0),(209,'2025-11-15 00:00:00',6,1,700,1008000,1600,'','','-0.2242848','51.4934037',0),(210,'2025-11-15 00:00:00',6,1,700,1009000,1650,'','','-0.2242848','51.4934037',0),(211,'2025-11-15 00:00:00',6,2,700,1010000,1700,'','','','0',0),(212,'2025-11-15 00:00:00',6,2,700,1011000,1750,'','','','0',0),(213,'2025-11-15 00:00:00',6,2,700,1012000,1800,'','','','0',0),(214,'2025-11-15 00:00:00',6,2,700,1013000,1850,'','','','0',0),(215,'2025-11-15 00:00:00',6,2,700,1014000,1900,'','','','0',0),(216,'2025-11-15 00:00:00',6,2,700,1015000,1950,'','','','0',0),(217,'2025-11-15 00:00:00',6,2,700,1016000,2000,'','','','0',0),(218,'2025-11-15 00:00:00',6,2,700,1017000,2050,'','','','0',0),(219,'2025-11-15 00:00:00',6,2,700,1018000,2100,'','','','0',0),(220,'2025-11-15 00:00:00',6,2,700,1019000,2150,'','','','0',0),(221,'2025-11-15 00:00:00',6,3,700,1020000,2200,'','','','0',0),(222,'2025-11-15 00:00:00',6,3,700,1021000,2250,'','','','0',0),(223,'2025-11-15 00:00:00',6,3,700,1022000,2300,'','','','0',0),(224,'2025-11-15 00:00:00',6,3,700,1023000,2350,'','','','0',0),(225,'2025-11-15 00:00:00',6,3,700,1024000,2400,'','','','0',0),(226,'2025-11-15 00:00:00',6,3,700,1025000,2450,'','','','0',0),(227,'2025-11-15 00:00:00',6,3,700,1026000,2500,'','','','0',0),(228,'2025-11-15 00:00:00',6,3,700,1027000,2550,'','','','0',0),(229,'2025-11-15 00:00:00',6,3,700,1028000,2600,'','','','0',0),(230,'2025-11-15 00:00:00',6,3,700,1029000,2650,'','','','0',0),(231,'2025-11-15 00:00:00',6,4,700,1030000,2700,'','','','0',0),(232,'2025-11-15 00:00:00',6,4,700,1031000,2750,'','','','0',0),(233,'2025-11-15 00:00:00',6,4,700,1032000,2800,'','','','0',0),(234,'2025-11-15 00:00:00',6,4,700,1033000,2850,'','','','0',0),(235,'2025-11-15 00:00:00',6,4,700,1034000,2900,'','','','0',0),(236,'2025-11-15 00:00:00',6,4,700,1035000,2950,'','','','0',0),(237,'2025-11-15 00:00:00',6,4,700,1036000,3000,'','','','0',0),(238,'2025-11-15 00:00:00',6,4,700,1037000,3050,'','','','0',0),(239,'2025-11-15 00:00:00',6,4,700,1038000,3100,'','','','0',0),(240,'2025-11-15 00:00:00',6,4,700,1039000,3150,'','','','0',0),(241,'2025-11-15 00:00:00',7,1,150,275000,650,'','','-0.2242848','51.4934037',1),(242,'2025-11-15 00:00:00',7,1,150,285000,670,'','','-0.2242848','51.4934037',2),(243,'2025-11-15 00:00:00',7,1,150,295000,690,'','','-0.2242848','51.4934037',3),(244,'2025-11-15 00:00:00',7,1,150,305000,710,'','','-0.2242848','51.4934037',1),(245,'2025-11-15 00:00:00',7,1,150,315000,730,'','','-0.2242848','51.4934037',2),(246,'2025-11-15 00:00:00',7,1,150,325000,750,'','','-0.2242848','51.4934037',3),(247,'2025-11-15 00:00:00',7,1,150,335000,770,'','','-0.2242848','51.4934037',1),(248,'2025-11-15 00:00:00',7,1,150,345000,790,'','','-0.2242848','51.4934037',2),(249,'2025-11-15 00:00:00',7,1,150,355000,810,'','','-0.2242848','51.4934037',3),(250,'2025-11-15 00:00:00',7,1,150,365000,830,'','','-0.2242848','51.4934037',1),(251,'2025-11-15 00:00:00',7,2,150,375000,850,'','','','0',2),(252,'2025-11-15 00:00:00',7,2,150,385000,870,'','','','0',3),(253,'2025-11-15 00:00:00',7,2,150,395000,890,'','','','0',1),(254,'2025-11-15 00:00:00',7,2,150,405000,910,'','','','0',2),(255,'2025-11-15 00:00:00',7,2,150,415000,930,'','','','0',3),(256,'2025-11-15 00:00:00',7,2,150,425000,950,'','','','0',1),(257,'2025-11-15 00:00:00',7,2,150,435000,970,'','','','0',2),(258,'2025-11-15 00:00:00',7,2,150,445000,990,'','','','0',3),(259,'2025-11-15 00:00:00',7,2,150,455000,1010,'','','','0',1),(260,'2025-11-15 00:00:00',7,2,150,465000,1030,'','','','0',2),(261,'2025-11-15 00:00:00',7,3,150,475000,1050,'','','','0',3),(262,'2025-11-15 00:00:00',7,3,150,485000,1070,'','','','0',1),(263,'2025-11-15 00:00:00',7,3,150,495000,1090,'','','','0',2),(264,'2025-11-15 00:00:00',7,3,150,505000,1110,'','','','0',3),(265,'2025-11-15 00:00:00',7,3,150,515000,1130,'','','','0',1),(266,'2025-11-15 00:00:00',7,3,150,525000,1150,'','','','0',2),(267,'2025-11-15 00:00:00',7,3,150,535000,1170,'','','','0',3),(268,'2025-11-15 00:00:00',7,3,150,545000,1190,'','','','0',1),(269,'2025-11-15 00:00:00',7,3,150,555000,1210,'','','','0',2),(270,'2025-11-15 00:00:00',7,3,150,565000,1230,'','','','0',3),(271,'2025-11-15 00:00:00',7,4,150,575000,1250,'','','','0',1),(272,'2025-11-15 00:00:00',7,4,150,585000,1270,'','','','0',2),(273,'2025-11-15 00:00:00',7,4,150,595000,1290,'','','','0',3),(274,'2025-11-15 00:00:00',7,4,150,605000,1310,'','','','0',1),(275,'2025-11-15 00:00:00',7,4,150,615000,1330,'','','','0',2),(276,'2025-11-15 00:00:00',7,4,150,625000,1350,'','','','0',3),(277,'2025-11-15 00:00:00',7,4,150,635000,1370,'','','','0',1),(278,'2025-11-15 00:00:00',7,4,150,645000,1390,'','','','0',2),(279,'2025-11-15 00:00:00',7,4,150,655000,1410,'','','','0',3),(280,'2025-11-15 00:00:00',7,4,150,665000,1430,'','','','0',1);

/*Table structure for table `users` */

DROP TABLE IF EXISTS `users`;

CREATE TABLE `users` (
  `id` int(10) unsigned NOT NULL AUTO_INCREMENT,
  `name` varchar(255) COLLATE utf8_unicode_ci NOT NULL,
  `email` varchar(255) COLLATE utf8_unicode_ci NOT NULL,
  `password` varchar(60) COLLATE utf8_unicode_ci NOT NULL,
  `remember_token` varchar(100) COLLATE utf8_unicode_ci DEFAULT NULL,
  `created_at` timestamp NOT NULL DEFAULT '0000-00-00 00:00:00',
  `updated_at` timestamp NOT NULL DEFAULT '0000-00-00 00:00:00',
  PRIMARY KEY (`id`),
  UNIQUE KEY `users_email_unique` (`email`)
) ENGINE=InnoDB AUTO_INCREMENT=9 DEFAULT CHARSET=utf8 COLLATE=utf8_unicode_ci ROW_FORMAT=COMPACT;

/*Data for the table `users` */

insert  into `users`(`id`,`name`,`email`,`password`,`remember_token`,`created_at`,`updated_at`) values (2,'mohtadi','motadi@hotmail.com','$2y$10$prJBHTAnUs6TqhtflOdHIuqzgkUjK1Ve1X/Q/yJqUrMf.s3fytLk.','y1DOhVzipZ5xTmf3noEmD3WqjNUPU9dBjqs2XaN8zMURxX46du6ppcUdffzG','2015-10-21 19:19:54','2015-10-22 20:18:59'),(3,'hanan','hanan@hanan.com','$2y$10$4Lq8dFk/VJTg78XUkYHo9Oh9pT5KK1snKgzHmjPHSPuER7GMdK6fa','DfttOXYQfR5NjwaCwl0QTIf9DDzqxRJ9gGU37chObCdvpmrk24DqZ93nlJT4','2015-10-22 13:26:10','2015-11-15 20:20:59'),(5,'domingo','hola@hola.com','$2y$10$n3aVwSn/a6v11U5VM9uLo.4DBWS0mflaX350Sh/7yVU./vXkji0Ki','UU4euOMoXQYUe4VV0J6dDWL19AwSXgHWoOaPFCJWZa69KJQ4G86PY87uQx1n','2015-10-25 22:43:30','2015-10-25 22:45:52'),(6,'administrator','admin@admin.com','$2y$10$UgmDh9GJl8GpznsSNKN7AeSt92Ng/2h6nsTJYVERNJtprqyvWfia.','FbdXtxfMK6AKA1qnpYzviDbpiUw7ctAGmF74UlAfoRcBr4rsscHJTqqRGsGL','2015-10-26 15:02:33','2015-11-21 22:12:50'),(7,'mohtadi','mohtadi@mohtadi.com','$2y$10$QR/8NiBdVoZm086R21tbY.gUpGp.lzrJyutTbnuc9N8zrPfAWwdba','FVNmwAZI9FlIhaYKVyB6ltbYnuAs0DbIEDVUdwIMHDfFYoWwdbMQucFKZBrE','2015-11-15 19:59:02','2015-11-15 20:14:34'),(8,'carlos','carlos@carlos.com','$2y$10$/AS.3IQY8j8aYDMJ1mjrjudXzN7dOLJMbFqpYc6GJZ5IXA0KlegMu','aRB2fX3bciu0nGbKm8RiJu7ZYcadCJJNgBL0ffyRtWM37EBj1OIIEG97HPAq','2015-11-16 13:40:42','2015-11-16 13:41:46');

/*!40101 SET SQL_MODE=@OLD_SQL_MODE */;
/*!40014 SET FOREIGN_KEY_CHECKS=@OLD_FOREIGN_KEY_CHECKS */;
/*!40014 SET UNIQUE_CHECKS=@OLD_UNIQUE_CHECKS */;
/*!40111 SET SQL_NOTES=@OLD_SQL_NOTES */;
